emotion,mean_rt,n_participants,sum_item
anxiety,1599.010496725915,32,336
depression,1582.9618858098484,31,362
