tense,mean_rt,n_participants,sum_item
future,1640.1890725813716,33,342
past,1554.7319613113218,33,356
