tense,emotion,mean_rt,n_participants,sum_item
future,anxiety,1655.1800552566963,32,163
future,depression,1656.0760779650793,30,179
past,anxiety,1584.3137120098218,32,173
past,depression,1551.5111384448926,31,183
