mean_age,min_age,max_age,sd_age,n
28.257731958762886,18,65,10.832318879279981,97
